model,acc
GPT-4o,91.2627986348123
GPT-4.1,89.72696245733789
DeepSeek-R1,90.2047781569966
GPT-4o mini,89.82935153583618
GPT-4.1 mini,89.89761092150171
Phi-3 Small,87.71331058020478
Mistral NeMo,83.61774744027304
LLaMA 8B,84.77815699658703
LLaMA 405B,90.68259385665529
Ensemble 1,87.09897610921502
Ensemble 2,89.5221843003413
Ensemble 3,89.69283276450511
Ensemble 4,90.54607508532423
