model,acc
GPT-4o,91.41514101929738
GPT-4.1,90.0544285007422
DeepSeek-R1,89.8936170212766
GPT-4o mini,89.96783770410688
GPT-4.1 mini,90.09153884215735
Phi-3 Small,90.30183077684315
Mistral NeMo,84.15388421573479
LLaMA 8B,84.9455714992578
LLaMA 405B,91.21721919841661
Ensemble 1,88.34735279564572
Ensemble 2,90.4750123701138
Ensemble 3,90.48738248391885
Ensemble 4,91.46462147451756
